<?xml version="1.0" encoding="UTF-8"?>
<project-private xmlns="http://www.netbeans.org/ns/project-private/1">
    <editor-bookmarks xmlns="http://www.netbeans.org/ns/editor-bookmarks/2" lastBookmarkId="0"/>
    <open-files xmlns="http://www.netbeans.org/ns/projectui-open-files/2">
        <group>
            <file>file:/C:/Users/manojlovic/Documents/NetBeansProjects/KI204/DZ03/web/rezultat.jsp</file>
            <file>file:/C:/Users/manojlovic/Documents/NetBeansProjects/KI204/DZ03/web/index.html</file>
            <file>file:/C:/Users/manojlovic/Documents/NetBeansProjects/KI204/DZ03/web/forma.jsp</file>
            <file>file:/C:/Users/manojlovic/Documents/NetBeansProjects/KI204/DZ03/src/java/com/manojlovic/akcije/Akcije.java</file>
        </group>
    </open-files>
</project-private>
